TransactionID,FraudIndicator,Category,TransactionAmount,AnomalyScore,Timestamp,MerchantID,Amount,CustomerID,Name,Age,Address,AccountBalance,LastLogin,SuspiciousFlag
9,1,Retail,75.6599445,0.010470905,01-01-2022 08:00,2612,37.18241172,1347,Customer 1347,20,Address 1347,8935.007146,12/13/2022,0
1001,0,Online,71.25210361,0.530776776,01-01-2022 00:00,3185,17.82669095,2612,Customer 2612,25,Address 2612,2883.211453,5/16/2022,0
1002,1,Travel,24.70321314,0.462151049,01-01-2022 01:00,3043,10.74287538,2612,Customer 2612,25,Address 2612,8718.074224,01-07-2022,0
1003,0,Online,39.5094711,0.528526878,01-01-2022 02:00,3060,70.83062395,2612,Customer 2612,25,Address 2612,3478.883859,1/29/2022,0
1120,0,Online,16.43209985,0.751250782,01-05-2022 23:00,3176,47.5396656,2612,Customer 2612,25,Address 2612,3478.883859,1/29/2022,0
1004,0,Online,24.71663784,0.628749423,01-01-2022 03:00,3044,89.59869871,2612,Customer 2612,25,Address 2612,1838.804775,2/22/2022,0
1047,0,Travel,49.53993502,0.159362513,01-02-2022 22:00,3057,13.94325442,2612,Customer 2612,25,Address 2612,1838.804775,2/22/2022,0
1050,0,Other,90.03902402,0.321279837,01-03-2022 01:00,3129,95.84226342,2612,Customer 2612,25,Address 2612,1838.804775,2/22/2022,0
1005,0,Travel,82.28514914,0.752214566,01-01-2022 04:00,3123,21.59024556,2612,Customer 2612,25,Address 2612,9814.521962,7/18/2022,0
1019,0,Online,86.17681025,0.31213425,01-01-2022 18:00,3097,23.32654266,2612,Customer 2612,25,Address 2612,9814.521962,7/18/2022,0
1059,0,Other,94.49602688,0.71345567,01-03-2022 10:00,3064,92.03323608,2612,Customer 2612,25,Address 2612,9814.521962,7/18/2022,0
1006,0,Travel,49.43286568,0.627382895,01-01-2022 05:00,3173,46.17601325,2612,Customer 2612,25,Address 2612,4926.594684,07-07-2022,0
1057,0,Online,70.10556062,0.722827349,01-03-2022 08:00,3146,90.65846841,2612,Customer 2612,25,Address 2612,4926.594684,07-07-2022,0
1061,0,Other,74.56551747,0.922208341,01-03-2022 12:00,3057,94.48642185,2612,Customer 2612,25,Address 2612,4926.594684,07-07-2022,0
1161,0,Retail,47.09102713,0.687303716,01-07-2022 16:00,3054,45.6611409,2612,Customer 2612,25,Address 2612,4926.594684,07-07-2022,0
1007,0,Online,38.72994408,0.48759531,01-01-2022 06:00,3047,29.24534025,2612,Customer 2612,25,Address 2612,9990.888112,02-03-2022,0
1008,0,Other,80.26429988,0.544958106,01-01-2022 07:00,3141,49.17144918,2612,Customer 2612,25,Address 2612,5572.14349,3/31/2022,0
1009,0,Food,66.14617863,0.811199015,01-01-2022 08:00,3023,61.5322834,2612,Customer 2612,25,Address 2612,5889.18901,1/17/2022,0
1010,0,Travel,89.77616936,0.838009202,01-01-2022 09:00,3095,49.13119563,2612,Customer 2612,25,Address 2612,8951.316818,2/26/2022,0
1011,0,Online,35.1252675,0.017297416,01-01-2022 10:00,3168,35.55828505,2612,Customer 2612,25,Address 2612,9598.531918,7/13/2022,0
1080,0,Retail,43.72596461,0.297680863,01-04-2022 07:00,3039,84.0567939,2612,Customer 2612,25,Address 2612,9598.531918,7/13/2022,0
1012,0,Travel,97.87153761,0.106664506,01-01-2022 11:00,3002,57.08010453,2612,Customer 2612,25,Address 2612,6083.634869,03-01-2022,0
1013,0,Food,21.86906648,0.418538992,01-01-2022 12:00,3028,86.64805375,2612,Customer 2612,25,Address 2612,6652.11127,1/18/2022,0
1014,0,Other,80.15019242,0.770270785,01-01-2022 13:00,3094,63.70721563,2612,Customer 2612,25,Address 2612,7583.810499,3/30/2022,0
1038,0,Other,47.56972263,0.442570311,01-02-2022 13:00,3009,76.9118338,2612,Customer 2612,25,Address 2612,7583.810499,3/30/2022,0
1079,1,Travel,45.99275353,0.871024461,01-04-2022 06:00,3190,18.78705914,2612,Customer 2612,25,Address 2612,7583.810499,3/30/2022,0
1015,1,Travel,83.51140978,0.111035173,01-01-2022 14:00,3025,21.88983582,2612,Customer 2612,25,Address 2612,3968.415741,01-01-2022,0
1175,0,Retail,58.68474353,0.450020392,01-08-2022 06:00,3101,29.11607452,2612,Customer 2612,25,Address 2612,3968.415741,01-01-2022,0
1016,0,Food,41.75124161,0.169766023,01-01-2022 15:00,3157,62.07105161,2612,Customer 2612,25,Address 2612,6966.197597,01-05-2022,0
1017,0,Retail,68.26973977,0.11381475,01-01-2022 16:00,3114,38.24143948,2612,Customer 2612,25,Address 2612,4995.490418,4/17/2022,0
1130,0,Travel,87.75042478,0.743135153,01-06-2022 09:00,3030,77.35405277,2612,Customer 2612,25,Address 2612,4995.490418,4/17/2022,0
1018,0,Travel,95.5271525,0.16254465,01-01-2022 17:00,3050,32.52314831,2612,Customer 2612,25,Address 2612,9076.946181,01-11-2022,0
1020,0,Retail,55.18604423,0.414033395,01-01-2022 19:00,3155,20.59472966,2612,Customer 2612,25,Address 2612,7491.448143,5/30/2022,0
1021,0,Other,46.48600109,0.628235718,01-01-2022 20:00,3070,26.63163201,2612,Customer 2612,25,Address 2612,1951.871087,6/27/2022,0
1022,0,Travel,16.32831659,0.689468423,01-01-2022 21:00,3033,48.89813228,2612,Customer 2612,25,Address 2612,3183.363004,4/29/2022,0
1198,0,Online,45.75852553,0.442525159,01-09-2022 05:00,3147,70.60528359,2612,Customer 2612,25,Address 2612,3183.363004,4/29/2022,0
1023,0,Online,48.4179691,0.922604243,01-01-2022 22:00,3197,77.9392297,2612,Customer 2612,25,Address 2612,1575.007395,6/26/2022,0
1114,0,Other,28.33592138,0.558383976,01-05-2022 17:00,3027,97.70502156,2612,Customer 2612,25,Address 2612,1575.007395,6/26/2022,0
1129,1,Online,19.63062763,0.46918339,01-06-2022 08:00,3042,81.9223807,2612,Customer 2612,25,Address 2612,1575.007395,6/26/2022,0
1024,0,Retail,40.74715586,0.977478212,01-01-2022 23:00,3187,16.36063549,2612,Customer 2612,25,Address 2612,3402.652595,06-11-2022,0
1110,0,Food,56.47594034,0.981617197,01-05-2022 13:00,3200,72.01780336,2612,Customer 2612,25,Address 2612,3402.652595,06-11-2022,0
1025,0,Food,98.77799674,0.908305687,01-02-2022 00:00,3081,47.77795774,2612,Customer 2612,25,Address 2612,4214.829082,6/28/2022,0
1026,0,Other,16.72198951,0.368319954,01-02-2022 01:00,3017,16.06953584,2612,Customer 2612,25,Address 2612,5363.199552,03-11-2022,0
1027,0,Retail,11.93344457,0.579034045,01-02-2022 02:00,3036,57.32907787,2612,Customer 2612,25,Address 2612,1769.057867,03-06-2022,0
1028,0,Other,74.70443749,0.79782785,01-02-2022 03:00,3050,30.76182263,2612,Customer 2612,25,Address 2612,3716.638917,05-04-2022,0
1029,0,Retail,15.42010801,0.876926873,01-02-2022 04:00,3068,38.17144522,2612,Customer 2612,25,Address 2612,7663.456593,02-05-2022,0
1157,1,Food,84.19599329,0.850784669,01-07-2022 12:00,3087,44.32541001,2612,Customer 2612,25,Address 2612,7663.456593,02-05-2022,0
1030,0,Retail,68.37028824,0.972910255,01-02-2022 05:00,3135,13.46985671,2612,Customer 2612,25,Address 2612,7619.649719,4/20/2022,0
1087,0,Travel,30.8893754,0.132306931,01-04-2022 14:00,3082,67.16330005,2612,Customer 2612,25,Address 2612,7619.649719,4/20/2022,0
1135,0,Travel,77.57297945,0.744014868,01-06-2022 14:00,3118,48.49250167,2612,Customer 2612,25,Address 2612,7619.649719,4/20/2022,0
1174,0,Other,23.95164572,0.280695746,01-08-2022 05:00,3180,56.22865405,2612,Customer 2612,25,Address 2612,7619.649719,4/20/2022,0
1183,0,Online,51.18712155,0.228324057,01-08-2022 14:00,3070,28.25879814,2612,Customer 2612,25,Address 2612,7619.649719,4/20/2022,0
1031,1,Food,39.66752087,0.821415073,01-02-2022 06:00,3158,47.63776654,2612,Customer 2612,25,Address 2612,1737.131934,4/27/2022,0
1032,0,Other,90.21974712,0.811058382,01-02-2022 07:00,3178,44.96424158,2612,Customer 2612,25,Address 2612,4704.865183,07-10-2022,0
1200,0,Other,49.34346391,0.519646012,01-09-2022 07:00,3125,62.89907513,2612,Customer 2612,25,Address 2612,4704.865183,07-10-2022,0
1033,0,Other,72.421457,0.387863826,01-02-2022 08:00,3174,40.08269186,2612,Customer 2612,25,Address 2612,2359.878091,7/16/2022,0
1101,0,Online,66.44274769,0.302293968,01-05-2022 04:00,3116,89.80414496,2612,Customer 2612,25,Address 2612,2359.878091,7/16/2022,0
1118,0,Retail,78.02283268,0.189128795,01-05-2022 21:00,3019,27.46179375,2612,Customer 2612,25,Address 2612,2359.878091,7/16/2022,0
1034,0,Other,66.70480998,0.877300689,01-02-2022 09:00,3196,42.06281887,2612,Customer 2612,25,Address 2612,6454.420406,05-09-2022,0
1138,0,Other,54.01527065,0.233845089,01-06-2022 17:00,3116,86.84924555,2612,Customer 2612,25,Address 2612,6454.420406,05-09-2022,0
1168,0,Other,32.42133746,0.509081843,01-07-2022 23:00,3005,61.0602103,2612,Customer 2612,25,Address 2612,6454.420406,05-09-2022,0
1035,1,Retail,68.38430102,0.98657259,01-02-2022 10:00,3133,44.29929512,2612,Customer 2612,25,Address 2612,7027.413349,01-09-2022,0
1036,0,Travel,70.66296327,0.799767141,01-02-2022 11:00,3038,71.28696024,2612,Customer 2612,25,Address 2612,1542.098514,02-06-2022,0
1037,0,Online,37.11237146,0.039808794,01-02-2022 12:00,3043,48.71581069,2612,Customer 2612,25,Address 2612,4928.556664,1/28/2022,0
1039,0,Other,90.79178534,0.751481445,01-02-2022 14:00,3024,90.84870904,2612,Customer 2612,25,Address 2612,5237.318484,04-06-2022,0
1040,0,Retail,71.11728865,0.712538045,01-02-2022 15:00,3144,60.68520281,2612,Customer 2612,25,Address 2612,5352.841537,3/24/2022,0
1100,0,Travel,56.28338008,0.123497411,01-05-2022 03:00,3138,80.06195267,2612,Customer 2612,25,Address 2612,5352.841537,3/24/2022,0
1116,0,Travel,15.30893852,0.015026104,01-05-2022 19:00,3199,91.43314546,2612,Customer 2612,25,Address 2612,5352.841537,3/24/2022,0
1123,0,Other,48.16556988,0.457327163,01-06-2022 02:00,3139,23.95358248,2612,Customer 2612,25,Address 2612,5352.841537,3/24/2022,0
1176,0,Retail,89.01715044,0.202513117,01-08-2022 07:00,3027,70.83614678,2612,Customer 2612,25,Address 2612,5352.841537,3/24/2022,0
1041,1,Online,61.77887524,0.776518142,01-02-2022 16:00,3166,70.4240449,2612,Customer 2612,25,Address 2612,1556.989756,03-10-2022,0
1093,0,Travel,83.17995942,0.97254942,01-04-2022 20:00,3077,39.86634958,2612,Customer 2612,25,Address 2612,1556.989756,03-10-2022,0
1042,0,Other,16.31852533,0.875754018,01-02-2022 17:00,3111,81.25981261,2612,Customer 2612,25,Address 2612,2149.268272,03-02-2022,0
1043,0,Retail,51.44972476,0.161044414,01-02-2022 18:00,3114,13.54958699,2612,Customer 2612,25,Address 2612,7229.776104,3/29/2022,0
1044,0,Food,63.20992003,0.758365554,01-02-2022 19:00,3161,15.12510123,2612,Customer 2612,25,Address 2612,7340.418596,6/29/2022,0
1089,0,Food,74.60755987,0.62854086,01-04-2022 16:00,3174,80.26558216,2612,Customer 2612,25,Address 2612,7340.418596,6/29/2022,0
1045,0,Retail,60.92848399,0.058572884,01-02-2022 20:00,3150,87.09445228,2612,Customer 2612,25,Address 2612,6603.289314,6/23/2022,0
1046,0,Other,82.19725633,0.514642975,01-02-2022 21:00,3060,59.28247436,2612,Customer 2612,25,Address 2612,2358.225684,2/13/2022,0
1128,1,Retail,10.75117845,0.921195766,01-06-2022 07:00,3008,33.79198278,2612,Customer 2612,25,Address 2612,2358.225684,2/13/2022,0
1048,0,Other,64.3736594,0.681944622,01-02-2022 23:00,3152,29.21226261,2612,Customer 2612,25,Address 2612,2861.566996,07-12-2022,0
1049,0,Other,59.13357411,0.982107208,01-03-2022 00:00,3133,47.24369787,2612,Customer 2612,25,Address 2612,1178.412561,2/20/2022,0
1051,0,Other,26.24349761,0.972922436,01-03-2022 02:00,3068,76.83452001,2612,Customer 2612,25,Address 2612,7316.950153,6/15/2022,0
1136,0,Online,69.96740104,0.991689888,01-06-2022 15:00,3057,23.56422499,2612,Customer 2612,25,Address 2612,7316.950153,6/15/2022,0
1052,0,Online,23.10024402,0.494598288,01-03-2022 03:00,3158,56.19306107,2612,Customer 2612,25,Address 2612,5833.753176,02-02-2022,0
1105,0,Travel,75.8898352,0.454655764,01-05-2022 08:00,3173,87.16224562,2612,Customer 2612,25,Address 2612,5833.753176,02-02-2022,0
1053,0,Retail,92.11687536,0.184751403,01-03-2022 04:00,3100,59.33708394,2612,Customer 2612,25,Address 2612,4635.461578,07-04-2022,0
1083,0,Travel,25.97094996,0.341667187,01-04-2022 10:00,3043,54.21861561,2612,Customer 2612,25,Address 2612,4635.461578,07-04-2022,0
1054,0,Other,36.05627955,0.507482376,01-03-2022 05:00,3159,91.80485361,2612,Customer 2612,25,Address 2612,2722.421,4/18/2022,0
1185,0,Food,81.06005105,0.819883378,01-08-2022 16:00,3083,67.74459246,2612,Customer 2612,25,Address 2612,2722.421,4/18/2022,0
1055,0,Travel,72.98138858,0.149918046,01-03-2022 06:00,3114,69.26533807,2612,Customer 2612,25,Address 2612,1203.606067,5/31/2022,0
1197,0,Travel,55.11551829,0.589121856,01-09-2022 04:00,3027,53.08707204,2612,Customer 2612,25,Address 2612,1203.606067,5/31/2022,0
1056,0,Retail,99.21093065,0.320790976,01-03-2022 07:00,3121,95.0658573,2612,Customer 2612,25,Address 2612,8210.929546,05-10-2022,1
1058,0,Retail,39.5956534,0.137468082,01-03-2022 09:00,3060,93.48795459,2612,Customer 2612,25,Address 2612,2653.133155,6/19/2022,0
1085,0,Other,86.95524259,0.051336604,01-04-2022 12:00,3039,10.03417689,2612,Customer 2612,25,Address 2612,2653.133155,6/19/2022,0
1060,0,Travel,26.51304825,0.554480794,01-03-2022 11:00,3095,49.27066861,2612,Customer 2612,25,Address 2612,9489.568412,02-07-2022,0
1199,0,Online,16.99923482,0.238374954,01-09-2022 06:00,3158,66.24917271,2612,Customer 2612,25,Address 2612,9489.568412,02-07-2022,0
1062,0,Online,72.37483008,0.436311151,01-03-2022 13:00,3143,28.62966259,2612,Customer 2612,25,Address 2612,3505.34496,1/19/2022,0
1179,0,Retail,95.94339241,0.129895902,01-08-2022 10:00,3056,48.19894404,2612,Customer 2612,25,Address 2612,3505.34496,1/19/2022,0
1063,0,Online,26.96571894,0.377083943,01-03-2022 14:00,3119,95.17494356,2612,Customer 2612,25,Address 2612,8298.247202,01-02-2022,1
1115,0,Travel,55.86514953,0.179463434,01-05-2022 18:00,3173,99.59764169,2612,Customer 2612,25,Address 2612,8298.247202,01-02-2022,1
1064,0,Food,61.82211868,0.471374289,01-03-2022 15:00,3161,33.61940578,2612,Customer 2612,25,Address 2612,6104.388138,5/20/2022,0
1065,0,Travel,56.29325418,0.795074878,01-03-2022 16:00,3136,15.13925738,2612,Customer 2612,25,Address 2612,9972.337735,5/25/2022,0
1071,0,Travel,24.05681506,0.676492392,01-03-2022 22:00,3075,28.60437526,2612,Customer 2612,25,Address 2612,9972.337735,5/25/2022,0
1066,0,Online,47.62121788,0.084447592,01-03-2022 17:00,3043,74.28036536,2612,Customer 2612,25,Address 2612,2376.691223,05-08-2022,0
1151,0,Food,70.70774933,0.063996598,01-07-2022 06:00,3049,46.19124893,2612,Customer 2612,25,Address 2612,2376.691223,05-08-2022,0
1067,0,Food,19.95290518,0.917165909,01-03-2022 18:00,3119,51.91974064,2612,Customer 2612,25,Address 2612,7478.495174,1/30/2022,0
1127,0,Other,75.03471134,0.241898471,01-06-2022 06:00,3106,74.61741853,2612,Customer 2612,25,Address 2612,7478.495174,1/30/2022,0
1068,0,Travel,70.03454496,0.045237814,01-03-2022 19:00,3019,54.12510453,2612,Customer 2612,25,Address 2612,5798.433612,4/25/2022,0
1069,0,Other,79.9180464,0.192313622,01-03-2022 20:00,3012,25.28178738,2612,Customer 2612,25,Address 2612,4167.950848,3/21/2022,0
1070,0,Food,81.41858746,0.85930816,01-03-2022 21:00,3017,73.98424936,2612,Customer 2612,25,Address 2612,7337.238489,4/30/2022,0
1072,0,Food,39.89067791,0.863790565,01-03-2022 23:00,3033,74.69268775,2612,Customer 2612,25,Address 2612,1756.970637,06-08-2022,0
1073,0,Travel,25.88660604,0.898391984,01-04-2022 00:00,3159,22.08516347,2612,Customer 2612,25,Address 2612,4085.746475,6/17/2022,0
1092,0,Retail,19.26350909,0.9231752,01-04-2022 19:00,3133,23.58564524,2612,Customer 2612,25,Address 2612,4085.746475,6/17/2022,0
1159,0,Retail,50.01074894,0.651691729,01-07-2022 14:00,3059,50.42178254,2612,Customer 2612,25,Address 2612,4085.746475,6/17/2022,0
1074,0,Travel,49.34253006,0.094557293,01-04-2022 01:00,3049,88.59485911,2612,Customer 2612,25,Address 2612,8500.085404,4/22/2022,0
1163,0,Food,56.89677002,0.699748221,01-07-2022 18:00,3163,10.4136106,2612,Customer 2612,25,Address 2612,8500.085404,4/22/2022,0
1075,0,Food,23.389729,0.432078022,01-04-2022 02:00,3015,17.82820597,2612,Customer 2612,25,Address 2612,5134.875412,02-09-2022,0
1076,0,Other,22.64588401,0.456940925,01-04-2022 03:00,3042,98.37248195,2612,Customer 2612,25,Address 2612,3882.350399,06-02-2022,0
1077,0,Retail,14.42852587,0.021667124,01-04-2022 04:00,3125,60.71904471,2612,Customer 2612,25,Address 2612,2875.265981,6/30/2022,0
1155,0,Online,94.10819922,0.730306772,01-07-2022 10:00,3100,13.25109079,2612,Customer 2612,25,Address 2612,2875.265981,6/30/2022,0
1078,0,Travel,17.2983646,0.447070956,01-04-2022 05:00,3114,29.96271175,2612,Customer 2612,25,Address 2612,6836.859811,1/22/2022,0
1081,0,Retail,43.05719497,0.463214854,01-04-2022 08:00,3047,14.8347452,2612,Customer 2612,25,Address 2612,5065.26429,2/17/2022,0
1088,0,Other,90.32525619,0.947766065,01-04-2022 15:00,3141,64.37114733,2612,Customer 2612,25,Address 2612,5065.26429,2/17/2022,0
1082,0,Online,37.28857715,0.969390408,01-04-2022 09:00,3019,91.6164442,2612,Customer 2612,25,Address 2612,7549.385519,5/18/2022,0
1084,0,Travel,30.92989448,0.247331433,01-04-2022 11:00,3157,77.754262,2612,Customer 2612,25,Address 2612,9720.298376,2/15/2022,0
1086,0,Travel,50.00450115,0.862233977,01-04-2022 13:00,3171,78.84219093,2612,Customer 2612,25,Address 2612,8209.326729,4/14/2022,0
1167,0,Other,80.8581569,0.658631431,01-07-2022 22:00,3123,63.94444529,2612,Customer 2612,25,Address 2612,8209.326729,4/14/2022,0
1090,0,Travel,94.28716265,0.683656453,01-04-2022 17:00,3035,97.94399071,2612,Customer 2612,25,Address 2612,5974.732409,03-05-2022,0
1165,0,Other,10.98903666,0.351706189,01-07-2022 20:00,3027,56.36651314,2612,Customer 2612,25,Address 2612,5974.732409,03-05-2022,0
1173,0,Online,68.28049951,0.748609675,01-08-2022 04:00,3183,87.31230025,2612,Customer 2612,25,Address 2612,5974.732409,03-05-2022,0
1091,0,Other,64.22465797,0.934038971,01-04-2022 18:00,3141,12.94852419,2612,Customer 2612,25,Address 2612,2537.23833,5/19/2022,0
1094,0,Online,20.13923498,0.521213933,01-04-2022 21:00,3106,52.60578995,2612,Customer 2612,25,Address 2612,2008.644953,04-01-2022,0
1133,0,Food,52.86194782,0.242322463,01-06-2022 12:00,3162,37.87151029,2612,Customer 2612,25,Address 2612,2008.644953,04-01-2022,0
1095,0,Other,31.01316565,0.100469518,01-04-2022 22:00,3129,55.49015267,2612,Customer 2612,25,Address 2612,6519.625021,03-04-2022,0
1096,0,Other,42.21340397,0.17737231,01-04-2022 23:00,3175,29.85666001,2612,Customer 2612,25,Address 2612,9016.860035,05-06-2022,0
1148,0,Food,42.03964045,0.894324407,01-07-2022 03:00,3133,13.37134309,2612,Customer 2612,25,Address 2612,9016.860035,05-06-2022,0
1097,0,Online,24.97073448,0.602616756,01-05-2022 00:00,3011,66.44897715,2612,Customer 2612,25,Address 2612,4300.372498,1/21/2022,0
1144,0,Travel,76.86622328,0.976695822,01-06-2022 23:00,3176,36.40388431,2612,Customer 2612,25,Address 2612,4300.372498,1/21/2022,0
1098,0,Travel,80.65161538,0.447092045,01-05-2022 01:00,3071,50.02905756,2612,Customer 2612,25,Address 2612,4885.424548,4/23/2022,1
1169,0,Online,14.01224878,0.125250535,01-08-2022 00:00,3104,26.13772222,2612,Customer 2612,25,Address 2612,4885.424548,4/23/2022,1
1099,0,Travel,30.92192881,0.36346759,01-05-2022 02:00,3179,40.88918263,2612,Customer 2612,25,Address 2612,9433.197413,07-01-2022,0
1102,0,Retail,36.51021989,0.880940662,01-05-2022 05:00,3176,96.06684296,2612,Customer 2612,25,Address 2612,8821.612182,3/23/2022,0
1140,0,Retail,78.66401532,0.245150302,01-06-2022 19:00,3063,45.28289561,2612,Customer 2612,25,Address 2612,8821.612182,3/23/2022,0
1143,0,Online,81.12637049,0.991524391,01-06-2022 22:00,3024,53.6108894,2612,Customer 2612,25,Address 2612,8821.612182,3/23/2022,0
1178,0,Online,70.51243552,0.70587604,01-08-2022 09:00,3180,98.90018969,2612,Customer 2612,25,Address 2612,8821.612182,3/23/2022,0
1103,0,Online,67.18043631,0.279460979,01-05-2022 06:00,3172,40.66904589,2612,Customer 2612,25,Address 2612,6153.530362,6/14/2022,0
1104,0,Travel,73.13573313,0.59352059,01-05-2022 07:00,3141,28.40062684,2612,Customer 2612,25,Address 2612,3965.673603,3/25/2022,0
1154,0,Retail,13.9739805,0.946892183,01-07-2022 09:00,3047,70.72963087,2612,Customer 2612,25,Address 2612,3965.673603,3/25/2022,0
1106,0,Online,98.17823768,0.527077946,01-05-2022 09:00,3130,25.58865485,2612,Customer 2612,25,Address 2612,9601.436105,06-05-2022,0
1107,0,Food,23.34020927,0.810916108,01-05-2022 10:00,3157,99.55376733,2612,Customer 2612,25,Address 2612,2486.825388,04-02-2022,0
1108,0,Food,32.78925604,0.201246537,01-05-2022 11:00,3063,90.22042265,2612,Customer 2612,25,Address 2612,9670.083009,06-04-2022,0
1111,0,Retail,49.1284184,0.680654111,01-05-2022 14:00,3027,14.18470942,2612,Customer 2612,25,Address 2612,9670.083009,06-04-2022,0
1109,0,Other,39.71461263,0.519944919,01-05-2022 12:00,3018,83.54131659,2612,Customer 2612,25,Address 2612,4331.397673,2/24/2022,0
1112,0,Retail,60.74504257,0.678348456,01-05-2022 15:00,3155,50.74317505,2612,Customer 2612,25,Address 2612,1769.667271,05-05-2022,0
1164,0,Food,73.16425323,0.261002247,01-07-2022 19:00,3025,87.14278486,2612,Customer 2612,25,Address 2612,1769.667271,05-05-2022,0
1113,0,Retail,18.3659333,0.302241265,01-05-2022 16:00,3173,45.34664864,2612,Customer 2612,25,Address 2612,3655.11073,5/15/2022,0
1160,0,Retail,68.16909711,0.23032563,01-07-2022 15:00,3017,84.96935297,2612,Customer 2612,25,Address 2612,3655.11073,5/15/2022,0
1117,0,Travel,47.89049638,0.565184424,01-05-2022 20:00,3114,30.92765779,2612,Customer 2612,25,Address 2612,8814.56337,1/27/2022,0
1152,0,Travel,79.54995683,0.750407003,01-07-2022 07:00,3131,33.73222668,2612,Customer 2612,25,Address 2612,8814.56337,1/27/2022,0
1119,0,Food,50.42597483,0.5426147,01-05-2022 22:00,3031,48.1992859,2612,Customer 2612,25,Address 2612,3267.6161,6/13/2022,1
1195,0,Other,52.39837608,0.838696047,01-09-2022 02:00,3156,35.65772121,2612,Customer 2612,25,Address 2612,3267.6161,6/13/2022,1
1121,0,Travel,37.7220378,0.136985187,01-06-2022 00:00,3044,82.61564072,3057,Customer 3057,36,Address 3057,1903.361262,4/28/2022,0
1134,0,Food,58.83024002,0.691733057,01-06-2022 13:00,3077,48.60698342,3057,Customer 3057,36,Address 3057,1903.361262,4/28/2022,0
1153,0,Food,31.04081916,0.238243056,01-07-2022 08:00,3011,68.8637144,3057,Customer 3057,36,Address 3057,1903.361262,4/28/2022,0
1166,0,Travel,55.84754766,0.594473194,01-07-2022 21:00,3038,47.78896942,3057,Customer 3057,36,Address 3057,1903.361262,4/28/2022,0
1187,0,Food,21.92374169,0.626339736,01-08-2022 18:00,3133,11.05137329,3057,Customer 3057,36,Address 3057,1903.361262,4/28/2022,0
1122,1,Food,89.9593722,0.474857652,01-06-2022 01:00,3008,83.3476249,3057,Customer 3057,36,Address 3057,7143.681371,4/13/2022,0
1124,0,Food,12.28237532,0.426554752,01-06-2022 03:00,3010,31.01270851,3057,Customer 3057,36,Address 3057,5176.157539,04-08-2022,0
1142,0,Food,11.63132268,0.919362091,01-06-2022 21:00,3003,52.06182504,3057,Customer 3057,36,Address 3057,5176.157539,04-08-2022,0
1145,0,Retail,95.19979985,0.254052391,01-07-2022 00:00,3086,53.78276846,3057,Customer 3057,36,Address 3057,5176.157539,04-08-2022,0
1125,0,Online,94.73063997,0.462402909,01-06-2022 04:00,3063,84.95746442,3057,Customer 3057,36,Address 3057,2388.43707,04-03-2022,0
1126,0,Other,30.79303825,0.405060143,01-06-2022 05:00,3089,61.65193021,3057,Customer 3057,36,Address 3057,3014.666822,1/14/2022,0
1131,0,Travel,42.71077234,0.096443371,01-06-2022 10:00,3001,29.6973988,3057,Customer 3057,36,Address 3057,4289.794309,6/21/2022,0
1132,0,Food,25.21273013,0.519540951,01-06-2022 11:00,3152,17.2969113,3057,Customer 3057,36,Address 3057,5692.699578,07-02-2022,0
1146,0,Online,83.41329729,0.19956157,01-07-2022 01:00,3099,22.47614384,3057,Customer 3057,36,Address 3057,5692.699578,07-02-2022,0
1137,0,Online,55.11799919,0.446056414,01-06-2022 16:00,3047,47.2959882,3057,Customer 3057,36,Address 3057,3926.467481,3/20/2022,0
1139,0,Travel,38.84932296,0.538076352,01-06-2022 18:00,3181,40.65277385,3057,Customer 3057,36,Address 3057,7366.627969,5/14/2022,0
1189,0,Online,15.13126888,0.127130427,01-08-2022 20:00,3092,52.55128853,3057,Customer 3057,36,Address 3057,7366.627969,5/14/2022,0
1141,0,Retail,14.49572183,0.537457884,01-06-2022 20:00,3183,99.83426437,3057,Customer 3057,36,Address 3057,5647.728097,2/16/2022,0
1147,0,Online,22.25792479,0.315593287,01-07-2022 02:00,3040,10.8182717,3057,Customer 3057,36,Address 3057,3102.746105,3/28/2022,0
1149,0,Food,45.51447596,0.068563092,01-07-2022 04:00,3005,35.608763,3057,Customer 3057,36,Address 3057,4969.087796,03-08-2022,0
1150,0,Food,55.6477576,0.168467668,01-07-2022 05:00,3075,17.18503275,3057,Customer 3057,36,Address 3057,5206.340307,7/15/2022,0
1156,0,Other,50.98005384,0.960209932,01-07-2022 11:00,3103,56.92683115,3057,Customer 3057,36,Address 3057,1900.22235,05-12-2022,0
1158,0,Food,20.54874867,0.872208158,01-07-2022 13:00,3086,73.53913707,3057,Customer 3057,36,Address 3057,9322.69016,5/28/2022,0
1162,0,Online,98.85859914,0.210515324,01-07-2022 17:00,3065,76.13510352,3057,Customer 3057,36,Address 3057,8671.410855,5/23/2022,0
1170,0,Food,77.69919406,0.406566422,01-08-2022 01:00,3058,69.61628084,3057,Customer 3057,36,Address 3057,7672.734692,5/26/2022,0
1171,0,Retail,33.93090689,0.399190298,01-08-2022 02:00,3195,60.18520761,3057,Customer 3057,36,Address 3057,8333.75683,3/19/2022,0
1172,0,Food,26.80831771,0.351888409,01-08-2022 03:00,3100,30.53266869,3057,Customer 3057,36,Address 3057,8174.134661,04-12-2022,0
1177,0,Online,57.5114864,0.735411939,01-08-2022 08:00,3024,85.48149777,3057,Customer 3057,36,Address 3057,8406.86288,03-12-2022,0
1180,0,Food,69.28484716,0.566659278,01-08-2022 11:00,3065,50.2188955,3057,Customer 3057,36,Address 3057,1073.451374,5/24/2022,0
1181,0,Online,26.08910827,0.225665395,01-08-2022 12:00,3063,56.14735764,3057,Customer 3057,36,Address 3057,7449.396166,02-12-2022,0
1182,0,Travel,92.18709286,0.695375072,01-08-2022 13:00,3002,76.25820555,3057,Customer 3057,36,Address 3057,3959.197103,01-04-2022,0
1184,0,Online,39.16157734,0.961216165,01-08-2022 15:00,3069,58.32135143,3057,Customer 3057,36,Address 3057,5176.173353,04-11-2022,0
1186,0,Food,29.01385926,0.30019423,01-08-2022 17:00,3080,75.763804,3057,Customer 3057,36,Address 3057,9895.639426,1/16/2022,0
1188,0,Food,65.4194607,0.578221172,01-08-2022 19:00,3026,58.34140681,3057,Customer 3057,36,Address 3057,3331.5777,2/14/2022,0
1190,0,Retail,17.70632764,0.776668218,01-08-2022 21:00,3038,56.82057684,3057,Customer 3057,36,Address 3057,4562.465953,6/24/2022,0
1191,0,Food,54.50679182,0.327748783,01-08-2022 22:00,3087,36.90579415,3057,Customer 3057,36,Address 3057,8638.160431,3/17/2022,0
1192,0,Online,13.08526964,0.079450239,01-08-2022 23:00,3060,34.84032277,3057,Customer 3057,36,Address 3057,7996.320974,7/14/2022,0
1193,1,Food,52.16490975,0.799399326,01-09-2022 00:00,3169,19.04624669,3057,Customer 3057,36,Address 3057,8673.003539,3/22/2022,0
1194,0,Travel,78.76012718,0.813204402,01-09-2022 01:00,3061,54.13020114,3057,Customer 3057,36,Address 3057,5568.107611,4/26/2022,0
1196,0,Online,42.04438573,0.179439905,01-09-2022 03:00,3059,85.00531872,3057,Customer 3057,36,Address 3057,6864.956936,4/19/2022,0
2401,0,Online,19.43469037,0.759882649,01-01-2022 00:00,4405,41.12362971,3133,Customer 3133,39,Address 3133,4253.64566,5/23/2022,0
2493,0,Other,27.05723208,0.760487998,01-04-2022 20:00,4472,82.67972183,3133,Customer 3133,39,Address 3133,4253.64566,5/23/2022,0
2402,0,Retail,95.01738619,0.306969276,01-01-2022 01:00,4600,82.70339707,3133,Customer 3133,39,Address 3133,3936.169645,3/18/2022,0
2588,0,Online,98.1533562,0.134305665,01-08-2022 19:00,4405,78.15851105,3133,Customer 3133,39,Address 3133,3936.169645,3/18/2022,0
2403,0,Other,17.54701242,0.152848062,01-01-2022 02:00,4571,90.50983865,3133,Customer 3133,39,Address 3133,2539.654088,5/13/2022,0
2404,0,Other,16.63092248,0.684770937,01-01-2022 03:00,4527,27.08729306,3133,Customer 3133,39,Address 3133,4968.323727,02-09-2022,0
2444,0,Other,42.27526304,0.487062468,01-02-2022 19:00,4576,82.20310608,3133,Customer 3133,39,Address 3133,4968.323727,02-09-2022,0
2405,0,Other,64.35522789,0.727725361,01-01-2022 04:00,4408,37.54849486,3133,Customer 3133,39,Address 3133,2463.364694,7/13/2022,0
2406,1,Food,99.6339316,0.265433823,01-01-2022 05:00,4542,30.29121123,3133,Customer 3133,39,Address 3133,5051.227451,02-11-2022,0
2407,0,Food,85.58624133,0.696893391,01-01-2022 06:00,4451,44.06616035,3133,Customer 3133,39,Address 3133,6197.334573,06-04-2022,1
2464,0,Travel,93.70768188,0.806035133,01-03-2022 15:00,4565,35.97054648,3133,Customer 3133,39,Address 3133,6197.334573,06-04-2022,1
2408,0,Other,25.11743737,0.266522597,01-01-2022 07:00,4470,35.94778461,3133,Customer 3133,39,Address 3133,9709.964686,6/19/2022,0
2409,0,Travel,70.59467288,0.344971248,01-01-2022 08:00,4444,82.91637041,3133,Customer 3133,39,Address 3133,8820.653499,03-06-2022,0
2549,0,Travel,33.79451684,0.957424685,01-07-2022 04:00,4555,88.13571519,3133,Customer 3133,39,Address 3133,8820.653499,03-06-2022,0
2575,0,Food,34.64311886,0.749962393,01-08-2022 06:00,4455,54.19203625,3133,Customer 3133,39,Address 3133,8820.653499,03-06-2022,0
2582,0,Food,46.83127413,0.238386275,01-08-2022 13:00,4574,42.99424215,3133,Customer 3133,39,Address 3133,8820.653499,03-06-2022,0
2410,0,Retail,56.28389898,0.010510161,01-01-2022 09:00,4588,13.81985401,3133,Customer 3133,39,Address 3133,5885.808588,3/13/2022,0
2411,0,Online,98.83384215,0.322325338,01-01-2022 10:00,4473,28.45270544,3133,Customer 3133,39,Address 3133,6734.887673,5/15/2022,0
2440,0,Food,51.306273,0.759081333,01-02-2022 15:00,4596,54.03617116,3133,Customer 3133,39,Address 3133,6734.887673,5/15/2022,0
2412,0,Travel,51.21342947,0.53026568,01-01-2022 11:00,4519,65.08041785,3133,Customer 3133,39,Address 3133,4951.396189,5/31/2022,0
2413,0,Other,20.19207369,0.184526256,01-01-2022 12:00,4566,79.69878608,3133,Customer 3133,39,Address 3133,4576.889694,05-06-2022,0
2595,0,Online,80.42077256,0.354947961,01-09-2022 02:00,4455,73.7827218,3133,Customer 3133,39,Address 3133,4576.889694,05-06-2022,0
2414,0,Travel,42.43694368,0.748751419,01-01-2022 13:00,4461,78.85828337,3133,Customer 3133,39,Address 3133,5567.732375,2/28/2022,0
2488,0,Travel,48.51579424,0.495299827,01-04-2022 15:00,4451,99.4409198,3133,Customer 3133,39,Address 3133,5567.732375,2/28/2022,0
2415,0,Other,29.88138963,0.113545927,01-01-2022 14:00,4510,16.49320451,3133,Customer 3133,39,Address 3133,9321.326404,2/24/2022,0
2416,0,Online,55.04710771,0.204091261,01-01-2022 15:00,4447,35.11020073,3133,Customer 3133,39,Address 3133,6322.593782,5/29/2022,0
2516,0,Food,64.38442998,0.959265088,01-05-2022 19:00,4512,77.23564106,3133,Customer 3133,39,Address 3133,6322.593782,5/29/2022,0
2417,0,Online,30.68305706,0.356795038,01-01-2022 16:00,4406,18.65771226,3133,Customer 3133,39,Address 3133,7711.709914,06-07-2022,0
2418,0,Travel,30.11631058,0.381502491,01-01-2022 17:00,4561,39.35937688,3133,Customer 3133,39,Address 3133,2487.286926,03-03-2022,0
2420,0,Other,22.2886438,0.579577243,01-01-2022 19:00,4445,18.32912277,3133,Customer 3133,39,Address 3133,2487.286926,03-03-2022,0
2419,0,Other,58.505441,0.563480007,01-01-2022 18:00,4412,61.76938297,3133,Customer 3133,39,Address 3133,5816.114929,07-06-2022,0
2421,0,Online,79.66989101,0.752765374,01-01-2022 20:00,4457,60.82373277,3133,Customer 3133,39,Address 3133,4988.503761,3/29/2022,0
2477,0,Retail,77.10286109,0.503563572,01-04-2022 04:00,4440,68.83309593,3133,Customer 3133,39,Address 3133,4988.503761,3/29/2022,0
2422,0,Online,11.45962975,0.638721496,01-01-2022 21:00,4441,77.58202783,3133,Customer 3133,39,Address 3133,6016.26598,06-09-2022,0
2423,0,Travel,73.54488482,0.762390368,01-01-2022 22:00,4432,68.36169881,3133,Customer 3133,39,Address 3133,9758.428098,06-01-2022,0
2563,0,Travel,54.89815544,0.095277978,01-07-2022 18:00,4466,72.76378845,3133,Customer 3133,39,Address 3133,9758.428098,06-01-2022,0
2424,0,Travel,22.49966816,0.488136064,01-01-2022 23:00,4472,20.59812228,3133,Customer 3133,39,Address 3133,7043.141943,1/21/2022,0
2522,0,Travel,41.48670961,0.028992155,01-06-2022 01:00,4477,52.78264911,3133,Customer 3133,39,Address 3133,7043.141943,1/21/2022,0
2581,1,Food,62.24104318,0.278936701,01-08-2022 12:00,4538,66.78477634,3133,Customer 3133,39,Address 3133,7043.141943,1/21/2022,0
2425,0,Online,65.63349628,0.738026009,01-02-2022 00:00,4544,98.8481137,3133,Customer 3133,39,Address 3133,5844.327957,06-06-2022,0
2534,0,Food,33.20562716,0.775207624,01-06-2022 13:00,4498,60.74040763,3133,Customer 3133,39,Address 3133,5844.327957,06-06-2022,0
2566,0,Retail,40.90024866,0.073662858,01-07-2022 21:00,4480,52.07748534,3133,Customer 3133,39,Address 3133,5844.327957,06-06-2022,0
2597,0,Online,17.88411592,0.657427651,01-09-2022 04:00,4571,87.19797056,3156,Customer 3156,39,Address 3156,6131.381067,2/15/2022,0
2487,0,Online,97.11743792,0.707108783,01-04-2022 14:00,4574,69.53252039,3156,Customer 3156,39,Address 3156,9592.077123,6/27/2022,0
2548,0,Online,11.12435968,0.830996164,01-07-2022 03:00,4539,99.19819939,3156,Customer 3156,39,Address 3156,9592.077123,6/27/2022,0
2489,0,Travel,69.57874558,0.272838249,01-04-2022 16:00,4467,95.94997794,3156,Customer 3156,39,Address 3156,3353.115418,4/29/2022,0
2494,0,Other,85.3637924,0.305836534,01-04-2022 21:00,4498,98.14172664,3156,Customer 3156,39,Address 3156,3353.115418,4/29/2022,0
2491,0,Food,63.03040299,0.379525926,01-04-2022 18:00,4579,77.49785903,3156,Customer 3156,39,Address 3156,2627.054573,05-04-2022,0
2495,0,Food,31.80457196,0.660919119,01-04-2022 22:00,4469,80.60175853,3156,Customer 3156,39,Address 3156,9601.734193,5/28/2022,0
2496,0,Food,89.41926396,0.088103286,01-04-2022 23:00,4550,10.57301983,3156,Customer 3156,39,Address 3156,7165.480782,4/30/2022,0
2497,0,Online,27.57555902,0.328632919,01-05-2022 00:00,4478,84.06759568,3156,Customer 3156,39,Address 3156,2762.177011,07-07-2022,0
2557,0,Food,13.37212989,0.715144915,01-07-2022 12:00,4538,63.81509833,3156,Customer 3156,39,Address 3156,2762.177011,07-07-2022,0
2591,0,Online,48.24727033,0.855229531,01-08-2022 22:00,4493,89.75441866,3156,Customer 3156,39,Address 3156,2762.177011,07-07-2022,0
2500,0,Other,62.45551938,0.827730172,01-05-2022 03:00,4528,22.5848293,3156,Customer 3156,39,Address 3156,7287.944082,3/17/2022,0
2501,0,Online,19.45529254,0.697179488,01-05-2022 04:00,4576,84.68172032,3156,Customer 3156,39,Address 3156,8708.578474,04-04-2022,0
2502,0,Food,63.23907229,0.448654183,01-05-2022 05:00,4401,57.35851178,3156,Customer 3156,39,Address 3156,7091.162405,01-12-2022,0
2508,0,Travel,38.55390541,0.615140905,01-05-2022 11:00,4482,61.15230778,3156,Customer 3156,39,Address 3156,7091.162405,01-12-2022,0
2503,0,Food,91.41141518,0.649388388,01-05-2022 06:00,4522,31.21509435,3156,Customer 3156,39,Address 3156,8989.290366,1/28/2022,0
2517,1,Travel,48.06326704,0.088938313,01-05-2022 20:00,4423,28.86383072,3156,Customer 3156,39,Address 3156,8989.290366,1/28/2022,0
2504,1,Other,85.5907169,0.025060705,01-05-2022 07:00,4426,94.83366984,3156,Customer 3156,39,Address 3156,8508.432863,4/20/2022,1
2507,0,Food,77.24300189,0.581898925,01-05-2022 10:00,4561,82.98555755,3156,Customer 3156,39,Address 3156,1096.386139,1/27/2022,0
2509,0,Other,21.40885591,0.431207629,01-05-2022 12:00,4494,35.36597312,3156,Customer 3156,39,Address 3156,5158.102359,4/28/2022,0
2510,0,Travel,25.1666071,0.701230225,01-05-2022 13:00,4407,91.33158409,3156,Customer 3156,39,Address 3156,5602.106662,6/21/2022,0
2511,0,Travel,66.21546272,0.603650656,01-05-2022 14:00,4518,17.12201244,3156,Customer 3156,39,Address 3156,7594.640016,01-04-2022,0
2512,0,Other,37.78147852,0.825499511,01-05-2022 15:00,4591,85.96878312,3156,Customer 3156,39,Address 3156,1369.967292,4/15/2022,0
2555,1,Other,78.04384808,0.613816511,01-07-2022 10:00,4552,77.86520023,3156,Customer 3156,39,Address 3156,1369.967292,4/15/2022,0
2562,0,Other,32.26656191,0.192695097,01-07-2022 17:00,4419,47.5832179,3156,Customer 3156,39,Address 3156,1369.967292,4/15/2022,0
2513,0,Food,20.11875734,0.153308715,01-05-2022 16:00,4431,24.59864809,3156,Customer 3156,39,Address 3156,8614.593453,5/19/2022,0
2524,0,Food,32.18653063,0.499384656,01-06-2022 03:00,4498,39.11943985,3156,Customer 3156,39,Address 3156,8614.593453,5/19/2022,0
2519,0,Online,15.22527755,0.91225209,01-05-2022 22:00,4533,28.50776491,3156,Customer 3156,39,Address 3156,8791.611656,6/18/2022,0
2520,0,Online,14.17498688,0.096847114,01-05-2022 23:00,4598,93.46566203,3156,Customer 3156,39,Address 3156,7979.059079,5/17/2022,0
2521,0,Food,90.05712793,0.313560834,01-06-2022 00:00,4439,26.06402681,3156,Customer 3156,39,Address 3156,6420.589165,1/15/2022,0
2530,0,Other,35.85158255,0.810708523,01-06-2022 09:00,4534,46.5992263,3156,Customer 3156,39,Address 3156,6420.589165,1/15/2022,0
2523,0,Travel,33.60529178,0.953686257,01-06-2022 02:00,4570,47.07364695,3156,Customer 3156,39,Address 3156,5607.154608,2/27/2022,0
2525,0,Food,15.33137736,0.183998522,01-06-2022 04:00,4465,63.65684134,3156,Customer 3156,39,Address 3156,8564.079568,03-08-2022,0
2526,0,Retail,50.49940003,0.343588589,01-06-2022 05:00,4485,18.75795843,3156,Customer 3156,39,Address 3156,5725.846949,7/14/2022,0
2527,1,Retail,10.62985086,0.241062063,01-06-2022 06:00,4457,67.13844406,3156,Customer 3156,39,Address 3156,7496.069259,7/15/2022,0
2532,0,Travel,76.79972483,0.370332351,01-06-2022 11:00,4458,69.82584307,3156,Customer 3156,39,Address 3156,4505.34146,1/25/2022,0
2537,0,Food,74.41092009,0.915274932,01-06-2022 16:00,4500,97.45628967,3156,Customer 3156,39,Address 3156,2319.496796,07-08-2022,0
2538,0,Online,16.70476672,0.411356484,01-06-2022 17:00,4513,34.98208613,3156,Customer 3156,39,Address 3156,3846.360555,6/16/2022,0
2539,1,Other,23.27962617,0.740494714,01-06-2022 18:00,4574,99.09307264,3156,Customer 3156,39,Address 3156,7018.341227,6/24/2022,0
2579,0,Online,59.43511631,0.299531878,01-08-2022 10:00,4537,31.02348266,3156,Customer 3156,39,Address 3156,7018.341227,6/24/2022,0
2540,0,Other,48.16597201,0.927142378,01-06-2022 19:00,4548,68.20205586,3156,Customer 3156,39,Address 3156,7494.563212,03-07-2022,0
2541,1,Food,83.28337936,0.499848728,01-06-2022 20:00,4544,86.37770156,3156,Customer 3156,39,Address 3156,7488.153044,02-02-2022,0
2543,0,Food,24.61401203,0.033624173,01-06-2022 22:00,4600,22.696831,3156,Customer 3156,39,Address 3156,2067.007575,3/15/2022,0
2544,0,Retail,25.79767393,0.79238174,01-06-2022 23:00,4561,81.16181774,3156,Customer 3156,39,Address 3156,6128.417879,01-09-2022,0
2545,0,Travel,90.10797358,0.114610328,01-07-2022 00:00,4438,59.05883883,3156,Customer 3156,39,Address 3156,6957.32309,05-11-2022,0
2546,0,Other,21.64761544,0.423158148,01-07-2022 01:00,4519,83.36230664,3156,Customer 3156,39,Address 3156,2678.933887,3/14/2022,0
2547,0,Travel,49.87678357,0.839821407,01-07-2022 02:00,4545,87.22208054,3156,Customer 3156,39,Address 3156,9609.884942,1/13/2022,0
2550,0,Online,71.06614994,0.426368006,01-07-2022 05:00,4447,79.24900792,3156,Customer 3156,39,Address 3156,3700.655576,06-02-2022,0
2551,0,Food,71.23859905,0.461115773,01-07-2022 06:00,4538,12.63861149,3156,Customer 3156,39,Address 3156,2340.280133,3/19/2022,0
2552,0,Travel,15.63293505,0.031573534,01-07-2022 07:00,4577,90.60499659,3156,Customer 3156,39,Address 3156,2972.846904,3/21/2022,0
2553,0,Online,35.2576803,0.45195886,01-07-2022 08:00,4600,61.26425839,3156,Customer 3156,39,Address 3156,6978.67433,1/26/2022,0
2554,0,Online,23.43193171,0.769662547,01-07-2022 09:00,4599,75.8556052,3156,Customer 3156,39,Address 3156,7807.145327,5/18/2022,0
2556,0,Travel,58.34012667,0.890445868,01-07-2022 11:00,4466,50.89884692,3156,Customer 3156,39,Address 3156,3666.627563,7/18/2022,0
2559,0,Other,47.54417531,0.816069629,01-07-2022 14:00,4447,82.47126985,3156,Customer 3156,39,Address 3156,5609.624753,04-07-2022,0
2560,0,Travel,14.33777979,0.210579142,01-07-2022 15:00,4530,92.71106921,3156,Customer 3156,39,Address 3156,5551.795271,05-10-2022,0
2561,0,Travel,50.59292682,0.405960903,01-07-2022 16:00,4554,71.72071555,3156,Customer 3156,39,Address 3156,7753.326801,07-03-2022,0
2564,0,Retail,65.97663853,0.841827675,01-07-2022 19:00,4404,40.60903409,3156,Customer 3156,39,Address 3156,6317.105238,1/31/2022,0
2567,0,Retail,23.85773925,0.497869115,01-07-2022 22:00,4504,48.26412319,3156,Customer 3156,39,Address 3156,7216.777154,3/26/2022,0
2580,1,Travel,12.85050349,0.31738686,01-08-2022 11:00,4538,20.22959421,3156,Customer 3156,39,Address 3156,7216.777154,3/26/2022,0
2568,0,Other,37.81638904,0.170843701,01-07-2022 23:00,4522,67.97708799,3156,Customer 3156,39,Address 3156,8561.743821,2/13/2022,0
2569,0,Retail,27.53444685,0.103816781,01-08-2022 00:00,4550,30.09734236,3156,Customer 3156,39,Address 3156,5131.764163,6/23/2022,0
2573,1,Travel,95.71657706,0.424081315,01-08-2022 04:00,4403,50.5985157,3156,Customer 3156,39,Address 3156,4107.843552,07-04-2022,0
2574,0,Food,73.88988666,0.163309364,01-08-2022 05:00,4526,58.0757428,3156,Customer 3156,39,Address 3156,7629.083178,06-11-2022,1
2576,0,Other,69.7860305,0.482015799,01-08-2022 07:00,4524,12.53165308,3156,Customer 3156,39,Address 3156,4666.741371,04-10-2022,0
2584,0,Online,27.25145809,0.015220965,01-08-2022 15:00,4463,68.40587173,3156,Customer 3156,39,Address 3156,9429.463666,02-07-2022,0
2585,0,Online,62.25948814,0.840064927,01-08-2022 16:00,4491,58.39596324,3156,Customer 3156,39,Address 3156,6581.533612,07-10-2022,0
2589,0,Food,29.7474636,0.994438747,01-08-2022 20:00,4506,46.82451586,3156,Customer 3156,39,Address 3156,9970.71622,1/16/2022,0
2592,0,Travel,71.59444885,0.454790136,01-08-2022 23:00,4411,28.86609465,3156,Customer 3156,39,Address 3156,7649.284567,7/16/2022,0
2593,0,Travel,42.44167819,0.549010292,01-09-2022 00:00,4529,36.97816238,3156,Customer 3156,39,Address 3156,9078.111899,2/23/2022,0
2594,0,Online,10.4930262,0.277730398,01-09-2022 01:00,4562,73.24119476,3156,Customer 3156,39,Address 3156,2734.042254,3/31/2022,0
2596,0,Travel,52.14966693,0.780621161,01-09-2022 03:00,4408,36.45113015,3156,Customer 3156,39,Address 3156,7682.526678,7/19/2022,0
2599,0,Online,70.31068304,0.919967939,01-09-2022 06:00,4497,58.40712538,3156,Customer 3156,39,Address 3156,8306.344972,5/20/2022,0
2426,0,Travel,82.48158409,0.890718715,01-02-2022 01:00,4536,12.0050138,3005,Customer 3005,39,Address 3005,8213.177795,01-06-2022,0
2492,0,Online,79.35001057,0.124073064,01-04-2022 19:00,4561,14.05028282,3005,Customer 3005,39,Address 3005,8213.177795,01-06-2022,0
2427,0,Travel,54.80290543,0.627637742,01-02-2022 02:00,4406,42.88740131,3005,Customer 3005,39,Address 3005,2669.166699,2/20/2022,0
2536,0,Other,39.61840434,0.17433901,01-06-2022 15:00,4521,67.87044939,3005,Customer 3005,39,Address 3005,2669.166699,2/20/2022,0
2572,0,Other,11.14164244,0.486818914,01-08-2022 03:00,4508,81.74104654,3005,Customer 3005,39,Address 3005,2669.166699,2/20/2022,0
2583,0,Retail,91.48677734,0.502259381,01-08-2022 14:00,4589,82.93973019,3005,Customer 3005,39,Address 3005,2669.166699,2/20/2022,0
2428,0,Travel,60.05780393,0.478670376,01-02-2022 03:00,4533,93.80150352,3005,Customer 3005,39,Address 3005,1867.428042,1/20/2022,0
2600,0,Retail,54.93727349,0.694016904,01-09-2022 07:00,4519,28.49929908,3005,Customer 3005,39,Address 3005,1867.428042,1/20/2022,0
2429,0,Other,22.48318352,0.600361981,01-02-2022 04:00,4558,56.44517761,3005,Customer 3005,39,Address 3005,7759.099469,01-05-2022,0
2430,0,Food,86.07707465,0.126002903,01-02-2022 05:00,4477,61.51294351,3005,Customer 3005,39,Address 3005,5689.577021,4/17/2022,0
2431,0,Other,66.69859435,0.837687302,01-02-2022 06:00,4509,56.69549076,3005,Customer 3005,39,Address 3005,1306.911042,3/25/2022,0
2432,0,Food,24.54219089,0.684312778,01-02-2022 07:00,4567,99.75962434,3005,Customer 3005,39,Address 3005,1306.911042,3/25/2022,0
2433,0,Online,83.10121152,0.161731138,01-02-2022 08:00,4487,51.66291822,3005,Customer 3005,39,Address 3005,2961.669865,5/24/2022,0
2514,0,Travel,16.92548597,0.542626602,01-05-2022 17:00,4588,68.18784045,3005,Customer 3005,39,Address 3005,2961.669865,5/24/2022,0
2542,0,Online,16.6597846,0.920403487,01-06-2022 21:00,4588,89.43216206,3005,Customer 3005,39,Address 3005,2961.669865,5/24/2022,0
2434,0,Online,62.24934527,0.355441904,01-02-2022 09:00,4525,64.19495183,3005,Customer 3005,39,Address 3005,1031.138298,2/16/2022,0
2441,0,Retail,63.11237795,0.018248864,01-02-2022 16:00,4486,43.20077812,3005,Customer 3005,39,Address 3005,1031.138298,2/16/2022,0
2447,0,Other,28.5847082,0.835697657,01-02-2022 22:00,4472,90.1233211,3005,Customer 3005,39,Address 3005,1031.138298,2/16/2022,0
2435,0,Retail,45.70259926,0.551715273,01-02-2022 10:00,4473,89.05796349,3005,Customer 3005,39,Address 3005,3320.183786,1/14/2022,0
2436,0,Travel,49.10914627,0.453065649,01-02-2022 11:00,4579,56.82707663,3005,Customer 3005,39,Address 3005,8486.74088,1/17/2022,0
2570,0,Food,43.42656874,0.807204932,01-08-2022 01:00,4415,83.42457446,3005,Customer 3005,39,Address 3005,8486.74088,1/17/2022,0
2437,0,Food,30.79546569,0.892262873,01-02-2022 12:00,4525,71.60563884,3005,Customer 3005,39,Address 3005,3983.000194,1/29/2022,0
2529,0,Other,68.55047896,0.175873449,01-06-2022 08:00,4473,41.01617368,3005,Customer 3005,39,Address 3005,3983.000194,1/29/2022,0
2438,0,Retail,36.28632847,0.875857719,01-02-2022 13:00,4523,92.1972125,3005,Customer 3005,39,Address 3005,3489.827507,5/22/2022,0
2490,0,Online,84.59538672,0.947319396,01-04-2022 17:00,4435,51.65196315,3005,Customer 3005,39,Address 3005,3489.827507,5/22/2022,0
2439,0,Online,69.8056076,0.882150542,01-02-2022 14:00,4583,79.95686869,3005,Customer 3005,39,Address 3005,1606.562374,5/14/2022,0
2442,0,Travel,12.28175811,0.721234974,01-02-2022 17:00,4434,42.31134182,3005,Customer 3005,39,Address 3005,2832.653536,02-08-2022,0
2518,1,Travel,31.57353177,0.334015355,01-05-2022 21:00,4454,36.80476414,3005,Customer 3005,39,Address 3005,2832.653536,02-08-2022,0
2443,0,Travel,49.01299523,0.748049343,01-02-2022 18:00,4541,79.63875448,3005,Customer 3005,39,Address 3005,1769.08414,4/19/2022,0
2445,0,Other,94.2602036,0.054364819,01-02-2022 20:00,4465,57.04469688,3005,Customer 3005,39,Address 3005,5115.647103,04-05-2022,1
2484,0,Travel,86.30698438,0.673619739,01-04-2022 11:00,4552,88.85568321,3005,Customer 3005,39,Address 3005,5115.647103,04-05-2022,1
2446,0,Other,74.67509874,0.696986791,01-02-2022 21:00,4497,85.6004347,3005,Customer 3005,39,Address 3005,2780.972847,3/28/2022,0
2470,0,Retail,34.5208617,0.409812156,01-03-2022 21:00,4534,42.44908568,3005,Customer 3005,39,Address 3005,2780.972847,3/28/2022,0
2506,0,Other,29.59678176,0.101130225,01-05-2022 09:00,4552,93.75217699,3005,Customer 3005,39,Address 3005,2780.972847,3/28/2022,0
2515,0,Food,83.0752315,0.197558206,01-05-2022 18:00,4444,17.83924504,3005,Customer 3005,39,Address 3005,2780.972847,3/28/2022,0
2533,0,Other,68.93079201,0.302425402,01-06-2022 12:00,4455,66.77177724,3005,Customer 3005,39,Address 3005,2780.972847,3/28/2022,0
2448,0,Other,61.53412233,0.573997482,01-02-2022 23:00,4557,24.17022014,3005,Customer 3005,39,Address 3005,4955.469776,4/13/2022,0
2565,0,Food,11.50791457,0.365752581,01-07-2022 20:00,4443,89.03441992,3005,Customer 3005,39,Address 3005,4955.469776,4/13/2022,0
2586,0,Retail,91.03127585,0.577758428,01-08-2022 17:00,4580,95.14490919,3005,Customer 3005,39,Address 3005,4955.469776,4/13/2022,0
2449,0,Other,56.66303856,0.322479093,01-03-2022 00:00,4561,50.65988557,3005,Customer 3005,39,Address 3005,3407.04851,3/22/2022,0
2450,0,Food,89.00017276,0.405589152,01-03-2022 01:00,4579,12.58512558,3005,Customer 3005,39,Address 3005,2243.229238,6/13/2022,0
2498,0,Online,22.461632,0.055970084,01-05-2022 01:00,4411,77.58917279,3005,Customer 3005,39,Address 3005,2243.229238,6/13/2022,0
2451,0,Other,70.20066542,0.216293878,01-03-2022 02:00,4454,77.7256876,3005,Customer 3005,39,Address 3005,8812.566833,1/22/2022,0
2452,0,Retail,37.1453184,0.89372856,01-03-2022 03:00,4432,40.43815278,3005,Customer 3005,39,Address 3005,5949.946144,02-04-2022,0
2453,0,Travel,25.80984419,0.996424402,01-03-2022 04:00,4439,40.30448893,3005,Customer 3005,39,Address 3005,8539.077768,05-05-2022,0
2483,0,Online,72.49630828,0.36373446,01-04-2022 10:00,4447,79.27110355,3005,Customer 3005,39,Address 3005,8539.077768,05-05-2022,0
2598,0,Travel,88.55381874,0.821084841,01-09-2022 05:00,4413,82.63051651,3005,Customer 3005,39,Address 3065,8539.077768,05-05-2022,0
2454,0,Online,92.41717846,0.588007566,01-03-2022 05:00,4575,56.30368911,3005,Customer 3005,39,Address 3065,8432.694772,3/24/2022,0
2455,0,Other,77.52671683,0.71582286,01-03-2022 06:00,4495,11.68049491,3005,Customer 3005,39,Address 3065,5231.423322,07-09-2022,0
2456,0,Travel,62.28585136,0.942915845,01-03-2022 07:00,4577,61.30719426,3005,Customer 3005,39,Address 3065,8271.081514,01-11-2022,0
2457,0,Travel,41.3619633,0.508686397,01-03-2022 08:00,4423,37.85043943,3005,Customer 3005,39,Address 3065,5980.968747,03-04-2022,0
2590,0,Other,73.68802456,0.095062942,01-08-2022 21:00,4429,53.16026088,3005,Customer 3005,39,Address 3065,5980.968747,03-04-2022,0
2458,0,Other,23.94944293,0.040038561,01-03-2022 09:00,4528,34.73761235,3005,Customer 3005,39,Address 3065,1548.011721,2/18/2022,0
2466,0,Travel,58.47654146,0.087498142,01-03-2022 17:00,4574,43.0030909,3005,Customer 3005,39,Address 3065,1548.011721,2/18/2022,0
2528,0,Other,42.35232911,0.235903544,01-06-2022 07:00,4411,40.26488087,3005,Customer 3005,39,Address 3065,1548.011721,2/18/2022,0
2459,0,Retail,25.14560943,0.683244302,01-03-2022 10:00,4491,80.9911817,3005,Customer 3005,39,Address 3065,8440.34746,07-01-2022,0
2571,0,Retail,95.00400936,0.897435009,01-08-2022 02:00,4447,80.04890506,3005,Customer 3005,39,Address 3065,8440.34746,07-01-2022,0
2460,0,Travel,36.46938708,0.654187722,01-03-2022 11:00,4528,76.46789521,3005,Customer 3005,39,Address 3065,2789.318855,3/30/2022,0
2461,0,Travel,44.85977356,0.337563736,01-03-2022 12:00,4536,50.55525924,3005,Customer 3005,39,Address 3065,4282.637178,07-05-2022,0
2505,0,Online,91.37082641,0.506698569,01-05-2022 08:00,4498,70.91646472,3005,Customer 3005,39,Address 3065,4282.637178,07-05-2022,0
2577,0,Other,81.70008484,0.265768161,01-08-2022 08:00,4446,40.65813542,3005,Customer 3005,39,Address 3065,4282.637178,07-05-2022,0
2462,0,Online,15.53727392,0.168089002,01-03-2022 13:00,4439,25.86892672,3005,Customer 3005,39,Address 3065,5360.163425,6/28/2022,0
2463,0,Online,89.63462344,0.096039568,01-03-2022 14:00,4417,49.86137129,3005,Customer 3005,39,Address 3065,9010.398977,6/30/2022,0
2558,0,Online,94.26191821,0.529203121,01-07-2022 13:00,4490,26.08283437,3005,Customer 3065,39,Address 3065,9010.398977,6/30/2022,0
2465,0,Online,92.00561493,0.849536504,01-03-2022 16:00,4572,61.62627724,4439,Customer 4439,39,Address 4439,1385.289867,1/18/2022,0
2535,0,Online,26.85702873,0.830495495,01-06-2022 14:00,4441,44.29526884,4439,Customer 4439,39,Address 4439,1385.289867,1/18/2022,0
2467,0,Other,97.7837572,0.264716196,01-03-2022 18:00,4545,63.61333152,4439,Customer 4439,39,Address 4439,6806.658678,07-11-2022,0
2468,0,Travel,56.20310209,0.952685969,01-03-2022 19:00,4464,97.80657526,4439,Customer 4439,39,Address 4439,1369.586371,03-12-2022,0
2469,0,Food,45.91254663,0.033692218,01-03-2022 20:00,4484,24.71250566,4439,Customer 4439,39,Address 4439,1413.816858,2/25/2022,0
2471,0,Retail,84.8577904,0.928720563,01-03-2022 22:00,4525,77.14993402,4439,Customer 4439,39,Address 4439,4314.092889,6/20/2022,0
2472,0,Other,60.16099227,0.916307587,01-03-2022 23:00,4421,74.35308147,4439,Customer 4439,39,Address 4439,3569.293277,6/17/2022,0
2473,0,Other,11.3735575,0.221238534,01-04-2022 00:00,4407,27.45808915,4439,Customer 4439,39,Address 4439,6444.790301,02-10-2022,0
2474,0,Travel,30.27021782,0.255389885,01-04-2022 01:00,4461,90.72931935,4439,Customer 4439,39,Address 4439,5070.50508,04-01-2022,0
2475,0,Food,53.32821888,0.149890037,01-04-2022 02:00,4503,54.17951249,4439,Customer 4439,39,Address 4439,7102.016197,6/14/2022,0
2476,0,Food,81.2017679,0.13644036,01-04-2022 03:00,4459,80.54284171,4439,Customer 4439,39,Address 4439,4230.746262,06-08-2022,0
2478,0,Food,57.67371031,0.549218843,01-04-2022 05:00,4502,46.62589863,4439,Customer 4439,39,Address 4439,9940.39689,6/29/2022,0
2479,1,Other,51.14512409,0.015064877,01-04-2022 06:00,4592,39.25760902,4574,Customer 4574,39,Address 4574,5632.452426,4/18/2022,0
2485,0,Other,89.42055805,0.759921046,01-04-2022 12:00,4473,21.92161221,4574,Customer 4574,39,Address 4574,5632.452426,4/18/2022,0
2531,0,Food,70.23515399,0.031921357,01-06-2022 10:00,4587,13.41617218,4574,Customer 4574,39,Address 4574,5632.452426,4/18/2022,0
2578,0,Food,62.35963981,0.703918886,01-08-2022 09:00,4525,89.26893329,4574,Customer 4574,39,Address 4574,5632.452426,4/18/2022,0
2587,0,Food,13.5290225,0.494346797,01-08-2022 18:00,4558,33.47985039,4574,Customer 4574,39,Address 4574,5632.452426,4/18/2022,0
2480,0,Travel,76.15001154,0.077457355,01-04-2022 07:00,4504,80.09370958,4574,Customer 4574,39,Address 4574,6221.751459,06-12-2022,0
2481,0,Other,61.33321231,0.358579282,01-04-2022 08:00,4574,53.56796071,4574,Customer 4574,39,Address 4574,7750.254871,4/26/2022,0
2499,0,Travel,60.8712619,0.074835986,01-05-2022 02:00,4454,43.84326462,4574,Customer 4574,39,Address 4574,7750.254871,4/26/2022,0
2482,0,Travel,83.6174159,0.855772949,01-04-2022 09:00,4509,40.65463212,4574,Customer 4574,39,Address 4574,2681.835472,5/26/2022,0
2486,1,Travel,71.72898725,0.903161817,01-04-2022 13:00,4411,38.75217285,4574,Customer 4574,39,Address 4574,6131.381067,2/15/2022,0
